-- ============================================================================
-- IRONMAP · 100 · gym seed  (GENERATED by scripts/gen-sql.mjs — do not hand-edit)
-- Source: /data/*.json. Regenerate with: npm run gen
-- ============================================================================

insert into gym.equipment_categories (id, label, label_ar) values
  ('selectorized', 'Selectorized (pin-stack)', 'أوزان بمشبك'),
  ('plate_loaded', 'Plate-loaded', 'أوزان صفائح'),
  ('cable', 'Cable / pulley', 'كيبل وبكرات'),
  ('free_weight', 'Free weight', 'أوزان حرة'),
  ('cardio', 'Cardio', 'كارديو'),
  ('rig', 'Rig / functional', 'هيكل وظيفي')
on conflict (id) do nothing;

insert into gym.force_vectors (id, label, plane, description, example) values
  ('axial_si', 'Axial · superoinferior', 'longitudinal', 'Force along the long axis of the body, top→bottom.', 'Squat, vertical press, lat pulldown'),
  ('axial_is', 'Axial · inferosuperior', 'longitudinal', 'Force along the long axis, bottom→top.', 'Deadlift, calf raise, overhead press'),
  ('anteroposterior', 'Anteroposterior', 'sagittal', 'Force from front→back of the body.', 'Hip thrust, glute bridge, inverted row'),
  ('posteroanterior', 'Posteroanterior', 'sagittal', 'Force from back→front; user pulls rearward.', 'Seated row, horizontal cable press'),
  ('lateromedial', 'Lateromedial', 'frontal', 'Force from outside→midline or vice versa.', 'Lateral raise, hip abduction/adduction'),
  ('torsional', 'Torsional', 'transverse', 'Rotational force around the longitudinal axis.', 'Cable woodchop, Russian twist, Pallof press')
on conflict (id) do nothing;

insert into gym.muscles (id, label, label_ar, region, muscle_group, is_prime, landmarks) values
  ('lats', 'Latissimus dorsi', 'الظهرية العريضة', 'back', 'back', true, '{"mev":10,"mav":18,"mrv":25}'::jsonb),
  ('upper_traps', 'Upper trapezius', 'شبه المنحرف العلوي', 'back', 'traps', true, '{"mev":0,"mav":20,"mrv":40}'::jsonb),
  ('mid_traps', 'Middle trapezius', 'شبه المنحرف الأوسط', 'back', 'upper_back', true, '{"mev":8,"mav":16,"mrv":25}'::jsonb),
  ('lower_traps', 'Lower trapezius', 'شبه المنحرف السفلي', 'back', 'upper_back', true, null),
  ('rhomboids', 'Rhomboids', 'المعينية', 'back', 'upper_back', true, null),
  ('spinal_erectors', 'Erector spinae', 'الناصبة للفقار', 'back', 'lower_back', true, '{"mev":4,"mav":10,"mrv":16}'::jsonb),
  ('teres_major', 'Teres major', 'المدورة الكبيرة', 'back', 'back', false, null),
  ('teres_minor', 'Teres minor', 'المدورة الصغيرة', 'back', 'rotator_cuff', false, null),
  ('infraspinatus', 'Infraspinatus', 'تحت الشوكة', 'back', 'rotator_cuff', false, null),
  ('serratus_anterior', 'Serratus anterior', 'المنشارية الأمامية', 'back', 'upper_back', false, null),
  ('pecs_upper', 'Upper pectoralis (clavicular)', 'الصدرية العلوية', 'chest', 'chest', true, '{"mev":6,"mav":12,"mrv":18}'::jsonb),
  ('pecs_lower', 'Lower pectoralis (sternal)', 'الصدرية السفلية', 'chest', 'chest', true, '{"mev":10,"mav":16,"mrv":22}'::jsonb),
  ('pec_minor', 'Pectoralis minor', 'الصدرية الصغرى', 'chest', 'chest', false, null),
  ('front_delts', 'Anterior deltoid', 'الدالية الأمامية', 'shoulders', 'delts', true, '{"mev":0,"mav":8,"mrv":12}'::jsonb),
  ('side_delts', 'Lateral deltoid', 'الدالية الجانبية', 'shoulders', 'delts', true, '{"mev":8,"mav":18,"mrv":26}'::jsonb),
  ('rear_delts', 'Posterior deltoid', 'الدالية الخلفية', 'shoulders', 'delts', true, '{"mev":6,"mav":16,"mrv":30}'::jsonb),
  ('biceps', 'Biceps brachii', 'ذات الرأسين', 'arms', 'biceps', true, '{"mev":8,"mav":16,"mrv":26}'::jsonb),
  ('brachialis', 'Brachialis', 'العضدية', 'arms', 'biceps', false, null),
  ('brachioradialis', 'Brachioradialis', 'العضدية الكعبرية', 'arms', 'forearms', false, null),
  ('triceps_long', 'Triceps long head', 'الرأس الطويل للثلاثية', 'arms', 'triceps', true, '{"mev":6,"mav":14,"mrv":30}'::jsonb),
  ('triceps_lateral', 'Triceps lateral/medial head', 'الرأس الجانبي للثلاثية', 'arms', 'triceps', true, null),
  ('forearm_flexors', 'Forearm flexors', 'قابضات الساعد', 'arms', 'forearms', false, '{"mev":4,"mav":10,"mrv":20}'::jsonb),
  ('forearm_extensors', 'Forearm extensors', 'باسطات الساعد', 'arms', 'forearms', false, null),
  ('quads_rectus', 'Rectus femoris', 'المستقيمة الفخذية', 'legs', 'quads', true, '{"mev":8,"mav":16,"mrv":20}'::jsonb),
  ('quads_vastus', 'Vastus lateralis/medialis', 'المتسعة الوحشية/الإنسية', 'legs', 'quads', true, null),
  ('hamstrings', 'Hamstrings', 'أوتار الركبة', 'legs', 'hamstrings', true, '{"mev":6,"mav":13,"mrv":20}'::jsonb),
  ('glute_max', 'Gluteus maximus', 'الألوية الكبرى', 'legs', 'glutes', true, '{"mev":4,"mav":12,"mrv":16}'::jsonb),
  ('glute_med', 'Gluteus medius', 'الألوية المتوسطة', 'legs', 'glutes', true, null),
  ('glute_min', 'Gluteus minimus', 'الألوية الصغرى', 'legs', 'glutes', false, null),
  ('adductors', 'Hip adductors', 'المقربات', 'legs', 'adductors', true, '{"mev":0,"mav":8,"mrv":16}'::jsonb),
  ('gastrocnemius', 'Gastrocnemius', 'التوأمية', 'legs', 'calves', true, '{"mev":8,"mav":14,"mrv":20}'::jsonb),
  ('soleus', 'Soleus', 'النعلية', 'legs', 'calves', true, null),
  ('tibialis_anterior', 'Tibialis anterior', 'الظنبوبية الأمامية', 'legs', 'shins', false, null),
  ('hip_flexors', 'Hip flexors (iliopsoas)', 'قابضات الورك', 'legs', 'hip_flexors', false, null),
  ('rectus_abdominis', 'Rectus abdominis', 'المستقيمة البطنية', 'core', 'abs', true, '{"mev":0,"mav":16,"mrv":25}'::jsonb),
  ('external_obliques', 'External obliques', 'المائلة الخارجية', 'core', 'obliques', true, null),
  ('internal_obliques', 'Internal obliques', 'المائلة الداخلية', 'core', 'obliques', false, null),
  ('transverse_abdominis', 'Transverse abdominis', 'المستعرضة البطنية', 'core', 'core_stability', false, null),
  ('quadratus_lumborum', 'Quadratus lumborum', 'المربعة القطنية', 'core', 'core_stability', false, null),
  ('multifidus', 'Multifidus', 'المتعددة الفلقات', 'core', 'core_stability', false, null)
on conflict (id) do nothing;

insert into gym.machine_types (slug, canonical_name, name_ar, category_id, superclass, primary_force, primary_muscles, secondary_muscles, fgvc_cues, confused_with, tutorial_ref) values
  ('lat_pulldown', 'Lat Pulldown', 'سحب أمامي', 'selectorized', 'cable_back', 'axial_si', array['lats'], array['biceps','rear_delts','lower_traps'], '{"anchor_point":"HIGH pulley above the user","stabilizers":"horizontal thigh pads","ai_cue":"pulley housing HIGH in bbox; horizontal thigh rollers"}'::jsonb, array['seated_row','high_row'], 'tut_lat_pulldown'),
  ('seated_row', 'Seated Cable Row', 'تجديف كيبل', 'selectorized', 'cable_back', 'posteroanterior', array['rhomboids','mid_traps'], array['lats','rear_delts','biceps'], '{"anchor_point":"LOW/mid pulley in front","stabilizers":"vertical footplates","ai_cue":"pulley LOW in bbox; flat footplates not rollers"}'::jsonb, array['lat_pulldown'], 'tut_seated_row'),
  ('high_row', 'Iso High Row', 'تجديف عالي', 'plate_loaded', 'cable_back', 'axial_si', array['lats'], array['mid_traps','biceps'], '{"ai_cue":"chest pad + downward-angled handles above shoulder height"}'::jsonb, array['lat_pulldown','iso_lateral_row'], 'tut_high_row'),
  ('low_row', 'Iso Low Row', 'تجديف منخفض', 'plate_loaded', 'cable_back', 'posteroanterior', array['mid_traps','rhomboids'], array['lats','biceps'], null, array['seated_row','t_bar_row'], 'tut_low_row'),
  ('iso_lateral_row', 'Iso-Lateral Row', 'تجديف آيزو', 'plate_loaded', 'cable_back', 'posteroanterior', array['lats','mid_traps'], array['biceps','rear_delts'], null, array['low_row','t_bar_row'], 'tut_iso_row'),
  ('t_bar_row', 'T-Bar Row', 'تجديف تي بار', 'plate_loaded', 'cable_back', 'posteroanterior', array['mid_traps','lats'], array['rhomboids','biceps'], '{"ai_cue":"chest pad angled ~45°, single loading post at floor level"}'::jsonb, array['low_row'], 'tut_tbar'),
  ('assisted_pullup', 'Assisted Pull-up / Dip', 'مساعد عقلة/غطس', 'selectorized', 'cable_back', 'axial_is', array['lats'], array['biceps','pecs_lower','triceps_long'], null, array['dip_station'], 'tut_assisted'),
  ('chest_press', 'Chest Press', 'ضغط صدر', 'selectorized', 'press_horizontal', 'posteroanterior', array['pecs_lower'], array['front_delts','triceps_lateral'], null, array['converging_chest_press','shoulder_press'], 'tut_chest_press'),
  ('converging_chest_press', 'Converging Chest Press', 'ضغط صدر متقارب', 'plate_loaded', 'press_horizontal', 'posteroanterior', array['pecs_lower','pecs_upper'], array['front_delts','triceps_lateral'], '{"ai_cue":"handles arc inward (converge) at top; independent lever arms"}'::jsonb, array['chest_press'], 'tut_conv_press'),
  ('incline_chest_press', 'Incline Chest Press', 'ضغط صدر مائل', 'plate_loaded', 'press_incline', 'axial_is', array['pecs_upper'], array['front_delts','triceps_lateral'], null, array['shoulder_press','chest_press'], 'tut_incline_press'),
  ('pec_deck', 'Pec Deck Fly', 'بيك دك', 'selectorized', 'fly', 'lateromedial', array['pecs_lower'], array['front_delts','pec_minor'], '{"ai_cue":"vertical pads/handles swept together in front; elbows fixed on pads"}'::jsonb, array['rear_delt_fly'], 'tut_pec_deck'),
  ('rear_delt_fly', 'Rear Delt Fly', 'رفرفة خلفية', 'selectorized', 'fly', 'lateromedial', array['rear_delts'], array['mid_traps','infraspinatus'], '{"ai_cue":"user faces the pad; arms sweep BACKWARD (reverse of pec deck)"}'::jsonb, array['pec_deck'], 'tut_rear_delt'),
  ('shoulder_press', 'Shoulder Press', 'ضغط كتف', 'selectorized', 'press_vertical', 'axial_is', array['front_delts'], array['triceps_lateral','upper_traps'], null, array['incline_chest_press'], 'tut_shoulder_press'),
  ('lateral_raise_machine', 'Lateral Raise Machine', 'رفرفة جانبي', 'selectorized', 'raise', 'lateromedial', array['side_delts'], array['upper_traps'], null, '{}', 'tut_lat_raise'),
  ('leg_press', 'Leg Press (45°)', 'دفع أرجل', 'plate_loaded', 'leg_press_family', 'axial_si', array['quads_vastus','glute_max'], array['hamstrings','adductors'], '{"ai_cue":"reclined low back pad, feet push a sled up/away on a 45° track"}'::jsonb, array['hack_squat','v_squat'], 'tut_leg_press'),
  ('hack_squat', 'Hack Squat', 'هاك سكوات', 'plate_loaded', 'leg_press_family', 'axial_si', array['quads_vastus'], array['glute_max','hamstrings'], '{"ai_cue":"SHOULDER pads + standing platform; whole carriage slides with the user"}'::jsonb, array['leg_press','v_squat','pendulum_squat'], 'tut_hack_squat'),
  ('v_squat', 'V-Squat', 'في سكوات', 'plate_loaded', 'leg_press_family', 'axial_si', array['quads_vastus','glute_max'], array['hamstrings'], null, array['hack_squat','pendulum_squat'], 'tut_vsquat'),
  ('pendulum_squat', 'Pendulum Squat', 'سكوات بندول', 'plate_loaded', 'leg_press_family', 'axial_si', array['quads_vastus','glute_max'], array['hamstrings','adductors'], '{"ai_cue":"curved arc track (pendulum), shoulder pads, back pad rotates"}'::jsonb, array['hack_squat','v_squat'], 'tut_pendulum'),
  ('belt_squat', 'Belt Squat', 'سكوات حزام', 'plate_loaded', 'leg_press_family', 'axial_si', array['quads_vastus','glute_max'], array['hamstrings'], null, '{}', 'tut_belt_squat'),
  ('leg_extension', 'Leg Extension', 'تمديد رجل', 'selectorized', 'leg_isolation', 'axial_is', array['quads_rectus','quads_vastus'], '{}', null, '{}', 'tut_leg_ext'),
  ('leg_curl_seated', 'Seated Leg Curl', 'ثني رجل جالس', 'selectorized', 'leg_isolation', 'axial_si', array['hamstrings'], array['gastrocnemius'], '{"ai_cue":"seated upright, thigh pad clamps down, ankle roller behind calves"}'::jsonb, array['leg_curl_lying'], 'tut_leg_curl_seated'),
  ('leg_curl_lying', 'Lying Leg Curl', 'ثني رجل مستلقي', 'selectorized', 'leg_isolation', 'axial_si', array['hamstrings'], array['gastrocnemius'], '{"ai_cue":"user lies prone (face down), roller at the ankles"}'::jsonb, array['leg_curl_seated'], 'tut_leg_curl_lying'),
  ('hip_abductor', 'Hip Abductor', 'مبعد الورك', 'selectorized', 'hip_isolation', 'lateromedial', array['glute_med','glute_min'], '{}', '{"ai_cue":"outer thigh pads push OUTWARD (abduction)"}'::jsonb, array['hip_adductor'], 'tut_abductor'),
  ('hip_adductor', 'Hip Adductor', 'مقرب الورك', 'selectorized', 'hip_isolation', 'lateromedial', array['adductors'], '{}', '{"ai_cue":"inner thigh pads squeeze INWARD (adduction)"}'::jsonb, array['hip_abductor'], 'tut_adductor'),
  ('glute_kickback', 'Glute Kickback', 'رفسة ألوية', 'selectorized', 'hip_isolation', 'anteroposterior', array['glute_max'], array['hamstrings'], null, '{}', 'tut_kickback'),
  ('calf_raise_standing', 'Standing Calf Raise', 'رفع سمانة واقف', 'plate_loaded', 'leg_isolation', 'axial_is', array['gastrocnemius'], array['soleus'], null, array['calf_raise_seated'], 'tut_calf_standing'),
  ('calf_raise_seated', 'Seated Calf Raise', 'رفع سمانة جالس', 'plate_loaded', 'leg_isolation', 'axial_is', array['soleus'], array['gastrocnemius'], '{"ai_cue":"knees bent 90° under a pad → biases soleus over gastroc"}'::jsonb, array['calf_raise_standing'], 'tut_calf_seated'),
  ('cable_crossover', 'Cable Crossover', 'كروس أوفر', 'cable', 'cable_station', 'posteroanterior', array['pecs_lower'], array['front_delts','pec_minor'], '{"ai_cue":"TWO tall separated columns, wide span, pulleys adjustable full height"}'::jsonb, array['functional_trainer'], 'tut_crossover'),
  ('functional_trainer', 'Functional Trainer', 'مدرب وظيفي', 'cable', 'cable_station', 'posteroanterior', array['pecs_lower','lats'], array['front_delts','rectus_abdominis'], '{"ai_cue":"single boxy cabinet, two adjustable pulleys close together"}'::jsonb, array['cable_crossover'], 'tut_functional'),
  ('cable_column', 'Adjustable Cable Column', 'عمود كيبل', 'cable', 'cable_station', 'posteroanterior', array['lats'], array['biceps','triceps_long'], null, '{}', 'tut_cable_column'),
  ('tricep_pushdown_station', 'Triceps Pushdown Station', 'دفع ترايسبس', 'cable', 'arm_isolation', 'axial_si', array['triceps_lateral'], array['triceps_long'], null, '{}', 'tut_pushdown'),
  ('face_pull_station', 'Face Pull Station', 'سحب للوجه', 'cable', 'cable_back', 'posteroanterior', array['rear_delts'], array['mid_traps','infraspinatus'], null, '{}', 'tut_face_pull'),
  ('flat_bench', 'Flat Bench + Barbell', 'بنش مسطح', 'free_weight', 'press_horizontal', 'posteroanterior', array['pecs_lower'], array['front_delts','triceps_lateral'], null, array['incline_bench','decline_bench'], 'tut_flat_bench'),
  ('incline_bench', 'Incline Bench', 'بنش مائل', 'free_weight', 'press_incline', 'axial_is', array['pecs_upper'], array['front_delts','triceps_lateral'], '{"ai_cue":"back pad angled ~30-45° upward"}'::jsonb, array['flat_bench','decline_bench'], 'tut_incline_bench'),
  ('decline_bench', 'Decline Bench', 'بنش هابط', 'free_weight', 'press_horizontal', 'posteroanterior', array['pecs_lower'], array['triceps_lateral'], null, array['flat_bench','incline_bench'], 'tut_decline_bench'),
  ('adjustable_bench', 'Adjustable Bench', 'بنش قابل للتعديل', 'free_weight', 'bench', null, '{}', '{}', null, '{}', 'tut_adj_bench'),
  ('dumbbell_rack', 'Dumbbell Rack', 'رف دمبل', 'free_weight', 'free_weight', null, '{}', '{}', null, '{}', 'tut_db_rack'),
  ('barbell_rack', 'Barbell + Plates', 'بار وأوزان', 'free_weight', 'free_weight', null, '{}', '{}', null, '{}', 'tut_barbell'),
  ('ez_curl_bar', 'EZ Curl Bar', 'بار متعرج', 'free_weight', 'arm_isolation', 'axial_is', array['biceps'], array['brachialis','forearm_flexors'], null, '{}', 'tut_ez_bar'),
  ('preacher_bench', 'Preacher Bench', 'بنش بريتشر', 'free_weight', 'arm_isolation', 'axial_is', array['biceps'], array['brachialis'], null, '{}', 'tut_preacher'),
  ('roman_chair', 'Roman Chair (Back Ext)', 'كرسي روماني', 'free_weight', 'posterior_chain', 'axial_is', array['spinal_erectors'], array['glute_max','hamstrings'], null, array['ghd'], 'tut_roman'),
  ('ghd', 'Glute-Ham Developer', 'جهاز جلوت هام', 'free_weight', 'posterior_chain', 'axial_is', array['hamstrings','glute_max'], array['spinal_erectors'], null, array['roman_chair'], 'tut_ghd'),
  ('dip_station', 'Dip Station', 'جهاز غطس', 'free_weight', 'press_vertical', 'axial_is', array['pecs_lower','triceps_lateral'], array['front_delts'], null, array['assisted_pullup'], 'tut_dip'),
  ('pullup_bar', 'Pull-up Bar', 'عقلة', 'free_weight', 'cable_back', 'axial_is', array['lats'], array['biceps','mid_traps'], null, '{}', 'tut_pullup'),
  ('landmine', 'Landmine', 'لاند ماين', 'free_weight', 'free_weight', 'axial_is', array['front_delts','pecs_upper'], array['triceps_lateral','transverse_abdominis'], null, '{}', 'tut_landmine'),
  ('ab_bench', 'Ab / Sit-up Bench', 'بنش بطن', 'free_weight', 'core', 'axial_si', array['rectus_abdominis'], array['hip_flexors','external_obliques'], null, '{}', 'tut_ab_bench'),
  ('hanging_captains_chair', 'Captain''s Chair', 'كرسي القبطان', 'free_weight', 'core', 'axial_si', array['rectus_abdominis'], array['hip_flexors','external_obliques'], null, '{}', 'tut_captains'),
  ('smith_machine', 'Smith Machine', 'سميث', 'rig', 'rack_family', 'axial_si', array['quads_vastus','pecs_lower'], array['glute_max','front_delts'], '{"ai_cue":"barbell FIXED on two vertical guide rails with hook slots"}'::jsonb, array['squat_rack','power_cage'], 'tut_smith'),
  ('squat_rack', 'Squat Rack', 'رف سكوات', 'rig', 'rack_family', 'axial_si', array['quads_vastus','glute_max'], array['spinal_erectors','hamstrings'], '{"ai_cue":"open vertical uprights with J-cups; NO guide rails"}'::jsonb, array['smith_machine','power_cage','half_rack'], 'tut_squat_rack'),
  ('power_cage', 'Power Cage', 'قفص القوة', 'rig', 'rack_family', 'axial_si', array['quads_vastus','glute_max'], array['spinal_erectors'], '{"ai_cue":"four uprights forming an enclosed cage + horizontal safety bars"}'::jsonb, array['squat_rack','half_rack'], 'tut_cage'),
  ('half_rack', 'Half Rack', 'نصف رف', 'rig', 'rack_family', 'axial_si', array['quads_vastus','glute_max'], array['spinal_erectors'], null, array['squat_rack','power_cage'], 'tut_half_rack'),
  ('treadmill', 'Treadmill', 'جهاز مشي', 'cardio', 'cardio', null, array['quads_vastus','hamstrings'], array['gastrocnemius','glute_max'], null, '{}', 'tut_treadmill'),
  ('rower', 'Rowing Machine', 'جهاز تجديف', 'cardio', 'cardio', 'posteroanterior', array['lats','quads_vastus'], array['biceps','rhomboids'], null, '{}', 'tut_rower'),
  ('stationary_bike', 'Upright Bike', 'دراجة ثابتة', 'cardio', 'cardio', null, array['quads_vastus'], array['glute_max','gastrocnemius'], null, array['spin_bike','recumbent_bike'], 'tut_bike'),
  ('spin_bike', 'Spin Bike', 'دراجة سبين', 'cardio', 'cardio', null, array['quads_vastus'], array['glute_max'], null, array['stationary_bike'], 'tut_spin'),
  ('recumbent_bike', 'Recumbent Bike', 'دراجة مستلقية', 'cardio', 'cardio', null, array['quads_vastus'], array['glute_max'], '{"ai_cue":"reclined seat with back support, pedals out FRONT"}'::jsonb, array['stationary_bike'], 'tut_recumbent'),
  ('elliptical', 'Elliptical', 'إليبتيكال', 'cardio', 'cardio', null, array['quads_vastus','glute_max'], array['hamstrings'], null, '{}', 'tut_elliptical'),
  ('stair_climber', 'Stair Climber', 'جهاز درج', 'cardio', 'cardio', null, array['glute_max','quads_vastus'], array['gastrocnemius'], null, '{}', 'tut_stairs'),
  ('assault_bike', 'Assault Bike', 'دراجة أسولت', 'cardio', 'cardio', null, array['quads_vastus','lats'], array['pecs_lower','hamstrings'], null, '{}', 'tut_assault'),
  ('ski_erg', 'Ski Erg', 'سكي إرغ', 'cardio', 'cardio', 'axial_si', array['lats','triceps_long'], array['rectus_abdominis'], null, '{}', 'tut_ski')
on conflict (slug) do nothing;

insert into gym.exercises (slug, name, name_ar, machine_type_slug, force_vector, movement_pattern, grip, trunk, difficulty, is_unilateral, cues, contraindications) values
  ('wide_grip_pulldown', 'Wide-Grip Lat Pulldown', 'سحب أمامي قبضة واسعة', 'lat_pulldown', 'axial_si', 'vertical_pull', 'pronated_wide', 'upright', 1, false, '{"en":["Drive elbows down and back, not up","Pause 1s at the bottom","3s controlled negative"],"ar":["انزل بالمرفقين للأسفل والخلف","وقفة ثانية بالأسفل","انزال متحكم ٣ ثواني"]}'::jsonb, '{}'),
  ('close_grip_pulldown', 'Close-Grip Pulldown', 'سحب أمامي قبضة ضيقة', 'lat_pulldown', 'axial_si', 'vertical_pull', 'neutral', 'upright', 1, false, null, '{}'),
  ('reverse_grip_pulldown', 'Reverse-Grip Pulldown', 'سحب أمامي قبضة عكسية', 'lat_pulldown', 'axial_si', 'vertical_pull', 'supinated', 'upright', 1, false, null, '{}'),
  ('straight_arm_pulldown', 'Straight-Arm Pulldown', 'سحب بذراع ممدودة', 'cable_column', 'axial_si', 'vertical_pull', 'pronated', 'upright', 2, false, null, '{}'),
  ('pullup', 'Pull-up', 'عقلة', 'pullup_bar', 'axial_is', 'vertical_pull', 'pronated_wide', 'braced', 3, false, '{"en":["Full hang, then chin over the bar","No kipping — control the descent"],"ar":["تعليق كامل ثم الذقن فوق البار","بدون تأرجح — تحكم بالنزول"]}'::jsonb, '{}'),
  ('chinup', 'Chin-up', 'عقلة قبضة عكسية', 'pullup_bar', 'axial_is', 'vertical_pull', 'supinated', 'braced', 3, false, null, '{}'),
  ('assisted_pullup_ex', 'Assisted Pull-up', 'عقلة مساعدة', 'assisted_pullup', 'axial_is', 'vertical_pull', 'pronated_wide', 'braced', 1, false, null, '{}'),
  ('seated_cable_row', 'Seated Cable Row', 'تجديف كيبل جالس', 'seated_row', 'posteroanterior', 'horizontal_pull', 'neutral', 'upright', 1, false, '{"en":["Retract shoulder blades hard","Do not lean back past vertical"],"ar":["اسحب لوحي الكتف بقوة","لا تميل للخلف أكثر من العمودي"]}'::jsonb, '{}'),
  ('iso_lateral_row_ex', 'Iso-Lateral Row', 'تجديف آيزو', 'iso_lateral_row', 'posteroanterior', 'horizontal_pull', 'neutral', 'braced', 1, true, null, '{}'),
  ('chest_supported_row', 'Chest-Supported Row', 'تجديف بدعم الصدر', 't_bar_row', 'posteroanterior', 'horizontal_pull', 'pronated', 'prone', 2, false, null, '{}'),
  ('barbell_row', 'Bent-Over Barbell Row', 'تجديف بار منحني', 'barbell_rack', 'posteroanterior', 'horizontal_pull', 'pronated', 'braced', 3, false, '{"en":["Hinge to ~45°, flat back","Pull to the lower ribs"],"ar":["انحنِ ٤٥ درجة والظهر مستقيم","اسحب للأضلاع السفلية"]}'::jsonb, array['lumbar']),
  ('single_arm_db_row', 'Single-Arm Dumbbell Row', 'تجديف دمبل يد واحدة', 'adjustable_bench', 'posteroanterior', 'horizontal_pull', 'neutral', 'braced', 1, true, null, '{}'),
  ('machine_high_row', 'Machine High Row', 'تجديف عالي آلة', 'high_row', 'axial_si', 'vertical_pull', 'neutral', 'braced', 1, true, null, '{}'),
  ('t_bar_row_ex', 'T-Bar Row', 'تجديف تي بار', 't_bar_row', 'posteroanterior', 'horizontal_pull', 'neutral', 'braced', 2, false, null, array['lumbar']),
  ('face_pull', 'Face Pull', 'سحب للوجه', 'face_pull_station', 'posteroanterior', 'horizontal_pull', 'neutral', 'upright', 1, false, null, '{}'),
  ('back_extension_ex', 'Back Extension', 'تمديد ظهر', 'roman_chair', 'axial_is', 'hinge', null, 'prone', 1, false, null, '{}'),
  ('rack_pull', 'Rack Pull', 'سحب من الرف', 'power_cage', 'axial_is', 'hinge', 'pronated', 'braced', 3, false, null, array['lumbar']),
  ('flat_barbell_press', 'Flat Barbell Bench Press', 'بنش بار مسطح', 'flat_bench', 'posteroanterior', 'horizontal_press', 'pronated', 'supine', 2, false, '{"en":["Tuck elbows ~75°","Touch mid-chest, drive up"],"ar":["اثنِ المرفقين ٧٥ درجة","المس منتصف الصدر وادفع"]}'::jsonb, array['shoulder']),
  ('incline_barbell_press', 'Incline Barbell Press', 'بنش بار مائل', 'incline_bench', 'axial_is', 'incline_press', 'pronated', 'incline', 2, false, null, array['shoulder']),
  ('flat_db_press', 'Flat Dumbbell Press', 'بنش دمبل مسطح', 'adjustable_bench', 'posteroanterior', 'horizontal_press', 'neutral', 'supine', 1, false, null, array['shoulder']),
  ('incline_db_press', 'Incline Dumbbell Press', 'بنش دمبل مائل', 'adjustable_bench', 'axial_is', 'incline_press', 'neutral', 'incline', 1, false, null, array['shoulder']),
  ('machine_chest_press', 'Machine Chest Press', 'ضغط صدر آلة', 'chest_press', 'posteroanterior', 'horizontal_press', 'neutral', 'upright', 1, false, null, '{}'),
  ('converging_press_ex', 'Converging Chest Press', 'ضغط صدر متقارب', 'converging_chest_press', 'posteroanterior', 'horizontal_press', 'neutral', 'upright', 1, false, null, '{}'),
  ('pec_deck_fly', 'Pec Deck Fly', 'بيك دك', 'pec_deck', 'lateromedial', 'fly', 'neutral', 'upright', 1, false, null, array['shoulder']),
  ('cable_fly_high', 'High-to-Low Cable Fly', 'تفتيح كيبل عالي', 'cable_crossover', 'posteroanterior', 'fly', 'neutral', 'upright', 2, false, null, array['shoulder']),
  ('cable_fly_low', 'Low-to-High Cable Fly', 'تفتيح كيبل منخفض', 'cable_crossover', 'posteroanterior', 'fly', 'neutral', 'upright', 2, false, null, array['shoulder']),
  ('chest_dips', 'Chest Dips', 'غطس للصدر', 'dip_station', 'axial_is', 'vertical_press', 'neutral', 'braced', 3, false, null, array['shoulder']),
  ('overhead_press_bb', 'Overhead Barbell Press', 'ضغط كتف بار', 'barbell_rack', 'axial_is', 'vertical_press', 'pronated', 'braced', 3, false, '{"en":["Brace hard, bar over mid-foot","Push head ''through'' at lockout"],"ar":["شد الجسم والبار فوق منتصف القدم","ادفع الرأس للأمام بالقفل"]}'::jsonb, array['shoulder']),
  ('db_shoulder_press', 'Dumbbell Shoulder Press', 'ضغط كتف دمبل', 'adjustable_bench', 'axial_is', 'vertical_press', 'neutral', 'upright', 2, false, null, array['shoulder']),
  ('machine_shoulder_press', 'Machine Shoulder Press', 'ضغط كتف آلة', 'shoulder_press', 'axial_is', 'vertical_press', 'neutral', 'upright', 1, false, null, '{}'),
  ('arnold_press', 'Arnold Press', 'ضغط أرنولد', 'adjustable_bench', 'axial_is', 'vertical_press', 'rotating', 'upright', 2, false, null, array['shoulder']),
  ('lateral_raise_db', 'Dumbbell Lateral Raise', 'رفرفة جانبي دمبل', 'dumbbell_rack', 'lateromedial', 'raise', 'neutral', 'upright', 1, false, '{"en":["Lead with the elbows","Stop at shoulder height"],"ar":["ابدأ الحركة من المرفق","توقف عند مستوى الكتف"]}'::jsonb, '{}'),
  ('lateral_raise_cable', 'Cable Lateral Raise', 'رفرفة جانبي كيبل', 'cable_column', 'lateromedial', 'raise', 'neutral', 'upright', 2, true, null, '{}'),
  ('lateral_raise_machine_ex', 'Machine Lateral Raise', 'رفرفة جانبي آلة', 'lateral_raise_machine', 'lateromedial', 'raise', 'neutral', 'upright', 1, false, null, '{}'),
  ('rear_delt_fly_machine', 'Machine Rear Delt Fly', 'رفرفة خلفية آلة', 'rear_delt_fly', 'lateromedial', 'fly', 'neutral', 'upright', 1, false, null, '{}'),
  ('front_raise', 'Front Raise', 'رفرفة أمامي', 'dumbbell_rack', 'anteroposterior', 'raise', 'pronated', 'upright', 1, false, null, '{}'),
  ('upright_row', 'Upright Row', 'تجديف عمودي', 'ez_curl_bar', 'axial_is', 'raise', 'pronated', 'upright', 2, false, null, array['shoulder']),
  ('shrug', 'Barbell Shrug', 'رفع كتفين', 'barbell_rack', 'axial_is', 'raise', 'pronated', 'upright', 1, false, null, '{}'),
  ('barbell_curl', 'Barbell Curl', 'كيرل بار', 'ez_curl_bar', 'axial_is', 'elbow_flexion', 'supinated', 'upright', 1, false, null, '{}'),
  ('dumbbell_curl', 'Dumbbell Curl', 'كيرل دمبل', 'dumbbell_rack', 'axial_is', 'elbow_flexion', 'supinated', 'upright', 1, true, null, '{}'),
  ('hammer_curl', 'Hammer Curl', 'كيرل مطرقة', 'dumbbell_rack', 'axial_is', 'elbow_flexion', 'neutral', 'upright', 1, true, null, '{}'),
  ('preacher_curl', 'Preacher Curl', 'كيرل بريتشر', 'preacher_bench', 'axial_is', 'elbow_flexion', 'supinated', 'braced', 1, false, null, '{}'),
  ('incline_db_curl', 'Incline Dumbbell Curl', 'كيرل دمبل مائل', 'adjustable_bench', 'axial_is', 'elbow_flexion', 'supinated', 'incline', 2, true, null, '{}'),
  ('cable_curl', 'Cable Curl', 'كيرل كيبل', 'cable_column', 'axial_is', 'elbow_flexion', 'supinated', 'upright', 1, false, null, '{}'),
  ('tricep_pushdown', 'Triceps Pushdown', 'دفع ترايسبس', 'tricep_pushdown_station', 'axial_si', 'elbow_extension', 'pronated', 'upright', 1, false, null, '{}'),
  ('overhead_tricep_ext', 'Overhead Triceps Extension', 'تمديد ترايسبس علوي', 'cable_column', 'axial_is', 'elbow_extension', 'neutral', 'upright', 2, false, null, array['shoulder']),
  ('skull_crusher', 'Skull Crusher', 'تحطيم الجمجمة', 'ez_curl_bar', 'axial_is', 'elbow_extension', 'pronated', 'supine', 2, false, null, '{}'),
  ('close_grip_bench', 'Close-Grip Bench Press', 'بنش قبضة ضيقة', 'flat_bench', 'posteroanterior', 'horizontal_press', 'pronated', 'supine', 2, false, null, '{}'),
  ('tricep_dips', 'Triceps Dips', 'غطس ترايسبس', 'dip_station', 'axial_is', 'vertical_press', 'neutral', 'upright', 2, false, null, array['shoulder']),
  ('back_squat', 'Back Squat', 'سكوات خلفي', 'squat_rack', 'axial_si', 'squat', null, 'braced', 3, false, '{"en":["Brace, break at hips and knees together","Depth to at least parallel"],"ar":["شد الجسم وانزل من الورك والركبة معًا","انزل لموازاة الأرض على الأقل"]}'::jsonb, array['lumbar','knee']),
  ('front_squat', 'Front Squat', 'سكوات أمامي', 'squat_rack', 'axial_si', 'squat', null, 'braced', 3, false, null, array['knee']),
  ('leg_press_ex', 'Leg Press', 'دفع أرجل', 'leg_press', 'axial_si', 'squat', null, 'reclined', 1, false, null, array['knee']),
  ('hack_squat_ex', 'Hack Squat', 'هاك سكوات', 'hack_squat', 'axial_si', 'squat', null, 'braced', 2, false, null, array['knee']),
  ('pendulum_squat_ex', 'Pendulum Squat', 'سكوات بندول', 'pendulum_squat', 'axial_si', 'squat', null, 'braced', 2, false, null, array['knee']),
  ('bulgarian_split_squat', 'Bulgarian Split Squat', 'سكوات بلغاري', 'adjustable_bench', 'axial_si', 'lunge', null, 'braced', 2, true, null, array['knee']),
  ('walking_lunge', 'Walking Lunge', 'اندفاع مشي', 'dumbbell_rack', 'axial_si', 'lunge', null, 'braced', 2, true, null, array['knee']),
  ('goblet_squat', 'Goblet Squat', 'سكوات جوبلت', 'dumbbell_rack', 'axial_si', 'squat', null, 'braced', 1, false, null, array['knee']),
  ('leg_extension_ex', 'Leg Extension', 'تمديد رجل', 'leg_extension', 'axial_is', 'knee_extension', null, 'upright', 1, false, null, array['knee']),
  ('smith_squat', 'Smith Machine Squat', 'سكوات سميث', 'smith_machine', 'axial_si', 'squat', null, 'braced', 1, false, null, array['knee']),
  ('romanian_deadlift', 'Romanian Deadlift', 'رفعة رومانية', 'barbell_rack', 'axial_is', 'hinge', 'pronated', 'braced', 2, false, '{"en":["Hinge at the hips, soft knees","Bar close to the shins"],"ar":["اثنِ من الورك والركبة مرنة","البار قريب من الساق"]}'::jsonb, array['lumbar']),
  ('stiff_leg_deadlift', 'Stiff-Leg Deadlift', 'رفعة أرجل مستقيمة', 'barbell_rack', 'axial_is', 'hinge', 'pronated', 'braced', 3, false, null, array['lumbar']),
  ('seated_leg_curl_ex', 'Seated Leg Curl', 'ثني رجل جالس', 'leg_curl_seated', 'axial_si', 'knee_flexion', null, 'upright', 1, false, null, '{}'),
  ('lying_leg_curl_ex', 'Lying Leg Curl', 'ثني رجل مستلقي', 'leg_curl_lying', 'axial_si', 'knee_flexion', null, 'prone', 1, false, null, '{}'),
  ('good_morning', 'Good Morning', 'تمرين الصباح', 'squat_rack', 'axial_is', 'hinge', null, 'braced', 3, false, null, array['lumbar']),
  ('nordic_curl', 'Nordic Hamstring Curl', 'ثني نوردك', 'ghd', 'axial_is', 'knee_flexion', null, 'braced', 3, false, null, '{}'),
  ('hip_thrust', 'Barbell Hip Thrust', 'دفع الورك', 'adjustable_bench', 'anteroposterior', 'hinge', null, 'supine', 2, false, '{"en":["Chin tucked, ribs down","Full lockout, squeeze glutes"],"ar":["الذقن للداخل والأضلاع للأسفل","قفل كامل واعصر الألوية"]}'::jsonb, '{}'),
  ('cable_pull_through', 'Cable Pull-Through', 'سحب بين الأرجل', 'cable_column', 'anteroposterior', 'hinge', 'neutral', 'braced', 1, false, null, '{}'),
  ('glute_kickback_ex', 'Glute Kickback', 'رفسة ألوية', 'glute_kickback', 'anteroposterior', 'hinge', null, 'braced', 1, true, null, '{}'),
  ('conventional_deadlift', 'Conventional Deadlift', 'رفعة أرضية', 'barbell_rack', 'axial_is', 'hinge', 'mixed', 'braced', 3, false, '{"en":["Bar over mid-foot, lats tight","Push the floor away"],"ar":["البار فوق منتصف القدم والظهر مشدود","ادفع الأرض بعيدًا"]}'::jsonb, array['lumbar']),
  ('trap_bar_deadlift', 'Trap Bar Deadlift', 'رفعة تراب بار', 'barbell_rack', 'axial_is', 'hinge', 'neutral', 'braced', 2, false, null, array['lumbar']),
  ('adductor_machine_ex', 'Hip Adduction', 'تقريب الورك', 'hip_adductor', 'lateromedial', 'adduction', null, 'upright', 1, false, null, '{}'),
  ('abductor_machine_ex', 'Hip Abduction', 'إبعاد الورك', 'hip_abductor', 'lateromedial', 'abduction', null, 'upright', 1, false, null, '{}'),
  ('standing_calf_raise_ex', 'Standing Calf Raise', 'رفع سمانة واقف', 'calf_raise_standing', 'axial_is', 'plantarflexion', null, 'upright', 1, false, null, '{}'),
  ('seated_calf_raise_ex', 'Seated Calf Raise', 'رفع سمانة جالس', 'calf_raise_seated', 'axial_is', 'plantarflexion', null, 'upright', 1, false, null, '{}'),
  ('calf_press', 'Calf Press on Leg Press', 'ضغط سمانة', 'leg_press', 'axial_si', 'plantarflexion', null, 'reclined', 1, false, null, '{}'),
  ('hanging_leg_raise', 'Hanging Leg Raise', 'رفع أرجل معلق', 'hanging_captains_chair', 'axial_si', 'trunk_flexion', null, 'braced', 2, false, null, '{}'),
  ('cable_crunch', 'Cable Crunch', 'كرنش كيبل', 'cable_column', 'axial_si', 'trunk_flexion', 'neutral', 'braced', 1, false, null, '{}'),
  ('machine_crunch', 'Machine Crunch', 'كرنش آلة', 'ab_bench', 'axial_si', 'trunk_flexion', null, 'upright', 1, false, null, '{}'),
  ('russian_twist', 'Russian Twist', 'لف روسي', 'ab_bench', 'torsional', 'trunk_rotation', null, 'braced', 1, false, null, array['lumbar']),
  ('plank', 'Plank', 'بلانك', null, 'axial_si', 'anti_extension', null, 'braced', 1, false, null, '{}'),
  ('ab_wheel', 'Ab Wheel Rollout', 'عجلة البطن', null, 'axial_si', 'anti_extension', 'neutral', 'braced', 3, false, null, array['lumbar']),
  ('decline_situp', 'Decline Sit-up', 'بطن هابط', 'ab_bench', 'axial_si', 'trunk_flexion', null, 'supine', 2, false, null, array['lumbar']),
  ('treadmill_run', 'Treadmill Run', 'جري تريدميل', 'treadmill', null, 'cardio', null, 'upright', 1, false, null, array['knee']),
  ('row_erg', 'Rowing (Erg)', 'تجديف إرغ', 'rower', 'posteroanterior', 'cardio', 'pronated', 'braced', 2, false, null, '{}'),
  ('assault_bike_ex', 'Assault Bike', 'دراجة أسولت', 'assault_bike', null, 'cardio', 'neutral', 'upright', 1, false, null, '{}'),
  ('stair_climb', 'Stair Climber', 'صعود درج', 'stair_climber', null, 'cardio', null, 'upright', 1, false, null, array['knee'])
on conflict (slug) do nothing;

insert into gym.exercise_muscle_activation (exercise_slug, muscle_id, role, band, activation, mvic_low, mvic_high) values
  ('wide_grip_pulldown', 'lats', 'prime', 'high', 0.9, null, null),
  ('wide_grip_pulldown', 'teres_major', 'synergist', 'moderate', 0.5, null, null),
  ('wide_grip_pulldown', 'biceps', 'synergist', 'moderate', 0.55, null, null),
  ('wide_grip_pulldown', 'rhomboids', 'synergist', 'moderate', 0.45, null, null),
  ('wide_grip_pulldown', 'pecs_lower', 'stabilizer', 'moderate', 0.3, null, null),
  ('close_grip_pulldown', 'lats', 'prime', 'high', 0.88, null, null),
  ('close_grip_pulldown', 'biceps', 'synergist', 'high', 0.65, null, null),
  ('close_grip_pulldown', 'teres_major', 'synergist', 'moderate', 0.5, null, null),
  ('reverse_grip_pulldown', 'lats', 'prime', 'high', 0.88, null, null),
  ('reverse_grip_pulldown', 'biceps', 'synergist', 'high', 0.75, null, null),
  ('reverse_grip_pulldown', 'rear_delts', 'synergist', 'low', 0.25, null, null),
  ('straight_arm_pulldown', 'lats', 'prime', 'high', 0.85, null, null),
  ('straight_arm_pulldown', 'teres_major', 'synergist', 'moderate', 0.45, null, null),
  ('pullup', 'lats', 'prime', 'high', 0.92, null, null),
  ('pullup', 'biceps', 'synergist', 'high', 0.6, null, null),
  ('pullup', 'mid_traps', 'synergist', 'moderate', 0.45, null, null),
  ('pullup', 'rectus_abdominis', 'stabilizer', 'moderate', 0.35, null, null),
  ('chinup', 'lats', 'prime', 'high', 0.88, null, null),
  ('chinup', 'biceps', 'synergist', 'high', 0.78, null, null),
  ('assisted_pullup_ex', 'lats', 'prime', 'high', 0.85, null, null),
  ('assisted_pullup_ex', 'biceps', 'synergist', 'moderate', 0.55, null, null),
  ('seated_cable_row', 'rhomboids', 'prime', 'maximal', 0.95, null, null),
  ('seated_cable_row', 'mid_traps', 'prime', 'maximal', 0.9, null, null),
  ('seated_cable_row', 'lats', 'synergist', 'high', 0.7, null, null),
  ('seated_cable_row', 'rear_delts', 'synergist', 'high', 0.65, null, null),
  ('seated_cable_row', 'biceps', 'synergist', 'moderate', 0.5, null, null),
  ('seated_cable_row', 'rectus_abdominis', 'stabilizer', 'moderate', 0.4, 20, 35),
  ('iso_lateral_row_ex', 'lats', 'prime', 'high', 0.85, null, null),
  ('iso_lateral_row_ex', 'mid_traps', 'prime', 'high', 0.8, null, null),
  ('iso_lateral_row_ex', 'biceps', 'synergist', 'moderate', 0.5, null, null),
  ('chest_supported_row', 'mid_traps', 'prime', 'high', 0.85, null, null),
  ('chest_supported_row', 'rhomboids', 'prime', 'high', 0.8, null, null),
  ('chest_supported_row', 'lats', 'synergist', 'high', 0.65, null, null),
  ('chest_supported_row', 'rear_delts', 'synergist', 'moderate', 0.55, null, null),
  ('barbell_row', 'lats', 'prime', 'high', 0.82, null, null),
  ('barbell_row', 'mid_traps', 'prime', 'high', 0.78, null, null),
  ('barbell_row', 'spinal_erectors', 'stabilizer', 'high', 0.7, null, null),
  ('barbell_row', 'biceps', 'synergist', 'moderate', 0.5, null, null),
  ('single_arm_db_row', 'lats', 'prime', 'high', 0.85, null, null),
  ('single_arm_db_row', 'mid_traps', 'synergist', 'high', 0.65, null, null),
  ('single_arm_db_row', 'biceps', 'synergist', 'moderate', 0.5, null, null),
  ('machine_high_row', 'lats', 'prime', 'high', 0.85, null, null),
  ('machine_high_row', 'mid_traps', 'synergist', 'moderate', 0.55, null, null),
  ('machine_high_row', 'biceps', 'synergist', 'moderate', 0.45, null, null),
  ('t_bar_row_ex', 'mid_traps', 'prime', 'high', 0.85, null, null),
  ('t_bar_row_ex', 'lats', 'prime', 'high', 0.78, null, null),
  ('t_bar_row_ex', 'rhomboids', 'synergist', 'high', 0.65, null, null),
  ('face_pull', 'rear_delts', 'prime', 'high', 0.8, null, null),
  ('face_pull', 'mid_traps', 'synergist', 'high', 0.65, null, null),
  ('face_pull', 'infraspinatus', 'synergist', 'moderate', 0.5, null, null),
  ('back_extension_ex', 'spinal_erectors', 'prime', 'high', 0.8, 35, 50),
  ('back_extension_ex', 'multifidus', 'prime', 'moderate', 0.55, 35, 50),
  ('back_extension_ex', 'glute_max', 'synergist', 'moderate', 0.45, null, null),
  ('back_extension_ex', 'hamstrings', 'synergist', 'moderate', 0.45, null, null),
  ('rack_pull', 'spinal_erectors', 'prime', 'high', 0.82, null, null),
  ('rack_pull', 'upper_traps', 'synergist', 'high', 0.65, null, null),
  ('rack_pull', 'glute_max', 'synergist', 'moderate', 0.55, null, null),
  ('flat_barbell_press', 'pecs_lower', 'prime', 'high', 0.88, null, null),
  ('flat_barbell_press', 'front_delts', 'synergist', 'high', 0.6, null, null),
  ('flat_barbell_press', 'triceps_lateral', 'synergist', 'high', 0.62, null, null),
  ('incline_barbell_press', 'pecs_upper', 'prime', 'high', 0.85, null, null),
  ('incline_barbell_press', 'front_delts', 'synergist', 'high', 0.68, null, null),
  ('incline_barbell_press', 'triceps_lateral', 'synergist', 'moderate', 0.55, null, null),
  ('flat_db_press', 'pecs_lower', 'prime', 'high', 0.86, null, null),
  ('flat_db_press', 'front_delts', 'synergist', 'high', 0.6, null, null),
  ('flat_db_press', 'triceps_lateral', 'synergist', 'moderate', 0.55, null, null),
  ('incline_db_press', 'pecs_upper', 'prime', 'high', 0.84, null, null),
  ('incline_db_press', 'front_delts', 'synergist', 'high', 0.65, null, null),
  ('machine_chest_press', 'pecs_lower', 'prime', 'high', 0.85, null, null),
  ('machine_chest_press', 'triceps_lateral', 'synergist', 'moderate', 0.55, null, null),
  ('machine_chest_press', 'front_delts', 'synergist', 'moderate', 0.5, null, null),
  ('converging_press_ex', 'pecs_lower', 'prime', 'high', 0.86, null, null),
  ('converging_press_ex', 'pecs_upper', 'synergist', 'moderate', 0.55, null, null),
  ('converging_press_ex', 'triceps_lateral', 'synergist', 'moderate', 0.5, null, null),
  ('pec_deck_fly', 'pecs_lower', 'prime', 'high', 0.85, null, null),
  ('pec_deck_fly', 'pecs_upper', 'synergist', 'moderate', 0.45, null, null),
  ('pec_deck_fly', 'front_delts', 'stabilizer', 'low', 0.25, null, null),
  ('cable_fly_high', 'pecs_lower', 'prime', 'high', 0.82, null, null),
  ('cable_fly_high', 'front_delts', 'synergist', 'low', 0.3, null, null),
  ('cable_fly_low', 'pecs_upper', 'prime', 'high', 0.8, null, null),
  ('cable_fly_low', 'front_delts', 'synergist', 'moderate', 0.4, null, null),
  ('chest_dips', 'pecs_lower', 'prime', 'high', 0.85, null, null),
  ('chest_dips', 'triceps_lateral', 'synergist', 'high', 0.7, null, null),
  ('chest_dips', 'front_delts', 'synergist', 'moderate', 0.5, null, null),
  ('overhead_press_bb', 'front_delts', 'prime', 'high', 0.88, null, null),
  ('overhead_press_bb', 'triceps_lateral', 'synergist', 'high', 0.62, null, null),
  ('overhead_press_bb', 'upper_traps', 'synergist', 'moderate', 0.5, null, null),
  ('overhead_press_bb', 'rectus_abdominis', 'stabilizer', 'moderate', 0.4, null, null),
  ('db_shoulder_press', 'front_delts', 'prime', 'high', 0.85, null, null),
  ('db_shoulder_press', 'triceps_lateral', 'synergist', 'moderate', 0.55, null, null),
  ('db_shoulder_press', 'side_delts', 'synergist', 'moderate', 0.45, null, null),
  ('machine_shoulder_press', 'front_delts', 'prime', 'high', 0.84, null, null),
  ('machine_shoulder_press', 'triceps_lateral', 'synergist', 'moderate', 0.52, null, null),
  ('arnold_press', 'front_delts', 'prime', 'high', 0.85, null, null),
  ('arnold_press', 'side_delts', 'synergist', 'moderate', 0.5, null, null),
  ('lateral_raise_db', 'side_delts', 'prime', 'high', 0.88, null, null),
  ('lateral_raise_db', 'upper_traps', 'synergist', 'moderate', 0.45, null, null),
  ('lateral_raise_cable', 'side_delts', 'prime', 'high', 0.9, null, null),
  ('lateral_raise_cable', 'upper_traps', 'synergist', 'low', 0.3, null, null),
  ('lateral_raise_machine_ex', 'side_delts', 'prime', 'high', 0.86, null, null),
  ('rear_delt_fly_machine', 'rear_delts', 'prime', 'high', 0.85, null, null),
  ('rear_delt_fly_machine', 'mid_traps', 'synergist', 'moderate', 0.55, null, null),
  ('rear_delt_fly_machine', 'infraspinatus', 'synergist', 'low', 0.3, null, null),
  ('front_raise', 'front_delts', 'prime', 'high', 0.82, null, null),
  ('front_raise', 'pecs_upper', 'synergist', 'low', 0.3, null, null),
  ('upright_row', 'side_delts', 'prime', 'high', 0.75, null, null),
  ('upright_row', 'upper_traps', 'prime', 'high', 0.72, null, null),
  ('upright_row', 'biceps', 'synergist', 'moderate', 0.4, null, null),
  ('shrug', 'upper_traps', 'prime', 'maximal', 0.92, null, null),
  ('shrug', 'forearm_flexors', 'stabilizer', 'moderate', 0.4, null, null),
  ('barbell_curl', 'biceps', 'prime', 'high', 0.9, null, null),
  ('barbell_curl', 'brachialis', 'synergist', 'moderate', 0.5, null, null),
  ('barbell_curl', 'forearm_flexors', 'synergist', 'moderate', 0.4, null, null),
  ('dumbbell_curl', 'biceps', 'prime', 'high', 0.88, null, null),
  ('dumbbell_curl', 'brachialis', 'synergist', 'moderate', 0.48, null, null),
  ('hammer_curl', 'brachialis', 'prime', 'high', 0.8, null, null),
  ('hammer_curl', 'brachioradialis', 'prime', 'high', 0.75, null, null),
  ('hammer_curl', 'biceps', 'synergist', 'moderate', 0.55, null, null),
  ('preacher_curl', 'biceps', 'prime', 'high', 0.88, null, null),
  ('preacher_curl', 'brachialis', 'synergist', 'high', 0.58, null, null),
  ('incline_db_curl', 'biceps', 'prime', 'high', 0.9, null, null),
  ('incline_db_curl', 'brachialis', 'synergist', 'moderate', 0.45, null, null),
  ('cable_curl', 'biceps', 'prime', 'high', 0.86, null, null),
  ('cable_curl', 'forearm_flexors', 'synergist', 'moderate', 0.4, null, null),
  ('tricep_pushdown', 'triceps_lateral', 'prime', 'high', 0.88, null, null),
  ('tricep_pushdown', 'triceps_long', 'synergist', 'moderate', 0.55, null, null),
  ('overhead_tricep_ext', 'triceps_long', 'prime', 'high', 0.88, null, null),
  ('overhead_tricep_ext', 'triceps_lateral', 'synergist', 'moderate', 0.55, null, null),
  ('skull_crusher', 'triceps_long', 'prime', 'high', 0.85, null, null),
  ('skull_crusher', 'triceps_lateral', 'synergist', 'high', 0.7, null, null),
  ('close_grip_bench', 'triceps_lateral', 'prime', 'high', 0.8, null, null),
  ('close_grip_bench', 'pecs_lower', 'synergist', 'high', 0.65, null, null),
  ('close_grip_bench', 'front_delts', 'synergist', 'moderate', 0.45, null, null),
  ('tricep_dips', 'triceps_lateral', 'prime', 'high', 0.82, null, null),
  ('tricep_dips', 'pecs_lower', 'synergist', 'moderate', 0.5, null, null),
  ('back_squat', 'quads_vastus', 'prime', 'high', 0.9, null, null),
  ('back_squat', 'glute_max', 'prime', 'high', 0.78, null, null),
  ('back_squat', 'spinal_erectors', 'stabilizer', 'high', 0.65, null, null),
  ('back_squat', 'adductors', 'synergist', 'moderate', 0.45, null, null),
  ('front_squat', 'quads_vastus', 'prime', 'high', 0.92, null, null),
  ('front_squat', 'glute_max', 'synergist', 'high', 0.65, null, null),
  ('front_squat', 'rectus_abdominis', 'stabilizer', 'high', 0.55, null, null),
  ('leg_press_ex', 'quads_vastus', 'prime', 'high', 0.88, null, null),
  ('leg_press_ex', 'glute_max', 'synergist', 'high', 0.7, null, null),
  ('leg_press_ex', 'hamstrings', 'synergist', 'moderate', 0.4, null, null),
  ('hack_squat_ex', 'quads_vastus', 'prime', 'high', 0.92, null, null),
  ('hack_squat_ex', 'glute_max', 'synergist', 'moderate', 0.55, null, null),
  ('pendulum_squat_ex', 'quads_vastus', 'prime', 'high', 0.9, null, null),
  ('pendulum_squat_ex', 'glute_max', 'synergist', 'high', 0.68, null, null),
  ('bulgarian_split_squat', 'quads_vastus', 'prime', 'high', 0.85, null, null),
  ('bulgarian_split_squat', 'glute_max', 'prime', 'high', 0.75, null, null),
  ('bulgarian_split_squat', 'adductors', 'synergist', 'moderate', 0.45, null, null),
  ('walking_lunge', 'quads_vastus', 'prime', 'high', 0.8, null, null),
  ('walking_lunge', 'glute_max', 'prime', 'high', 0.78, null, null),
  ('goblet_squat', 'quads_vastus', 'prime', 'high', 0.82, null, null),
  ('goblet_squat', 'glute_max', 'synergist', 'moderate', 0.55, null, null),
  ('leg_extension_ex', 'quads_rectus', 'prime', 'high', 0.9, null, null),
  ('leg_extension_ex', 'quads_vastus', 'prime', 'high', 0.92, null, null),
  ('smith_squat', 'quads_vastus', 'prime', 'high', 0.86, null, null),
  ('smith_squat', 'glute_max', 'synergist', 'moderate', 0.55, null, null),
  ('romanian_deadlift', 'hamstrings', 'prime', 'high', 0.88, null, null),
  ('romanian_deadlift', 'glute_max', 'prime', 'high', 0.8, null, null),
  ('romanian_deadlift', 'spinal_erectors', 'stabilizer', 'high', 0.7, null, null),
  ('stiff_leg_deadlift', 'hamstrings', 'prime', 'high', 0.9, null, null),
  ('stiff_leg_deadlift', 'glute_max', 'synergist', 'high', 0.68, null, null),
  ('stiff_leg_deadlift', 'spinal_erectors', 'stabilizer', 'high', 0.72, null, null),
  ('seated_leg_curl_ex', 'hamstrings', 'prime', 'high', 0.9, null, null),
  ('seated_leg_curl_ex', 'gastrocnemius', 'synergist', 'low', 0.25, null, null),
  ('lying_leg_curl_ex', 'hamstrings', 'prime', 'high', 0.88, null, null),
  ('lying_leg_curl_ex', 'gastrocnemius', 'synergist', 'low', 0.28, null, null),
  ('good_morning', 'hamstrings', 'prime', 'high', 0.82, null, null),
  ('good_morning', 'spinal_erectors', 'prime', 'high', 0.78, null, null),
  ('good_morning', 'glute_max', 'synergist', 'moderate', 0.55, null, null),
  ('nordic_curl', 'hamstrings', 'prime', 'maximal', 0.95, null, null),
  ('nordic_curl', 'gastrocnemius', 'synergist', 'moderate', 0.4, null, null),
  ('hip_thrust', 'glute_max', 'prime', 'maximal', 0.95, null, null),
  ('hip_thrust', 'hamstrings', 'synergist', 'moderate', 0.5, null, null),
  ('hip_thrust', 'quads_vastus', 'synergist', 'low', 0.3, null, null),
  ('cable_pull_through', 'glute_max', 'prime', 'high', 0.82, null, null),
  ('cable_pull_through', 'hamstrings', 'synergist', 'moderate', 0.55, null, null),
  ('glute_kickback_ex', 'glute_max', 'prime', 'high', 0.85, null, null),
  ('glute_kickback_ex', 'hamstrings', 'synergist', 'moderate', 0.45, null, null),
  ('conventional_deadlift', 'spinal_erectors', 'prime', 'maximal', 0.9, null, null),
  ('conventional_deadlift', 'glute_max', 'prime', 'high', 0.82, null, null),
  ('conventional_deadlift', 'hamstrings', 'prime', 'high', 0.8, null, null),
  ('conventional_deadlift', 'upper_traps', 'stabilizer', 'high', 0.6, null, null),
  ('conventional_deadlift', 'lats', 'stabilizer', 'moderate', 0.45, null, null),
  ('trap_bar_deadlift', 'quads_vastus', 'prime', 'high', 0.72, null, null),
  ('trap_bar_deadlift', 'glute_max', 'prime', 'high', 0.8, null, null),
  ('trap_bar_deadlift', 'spinal_erectors', 'prime', 'high', 0.78, null, null),
  ('adductor_machine_ex', 'adductors', 'prime', 'high', 0.9, null, null),
  ('abductor_machine_ex', 'glute_med', 'prime', 'high', 0.88, null, null),
  ('abductor_machine_ex', 'glute_min', 'synergist', 'moderate', 0.55, null, null),
  ('standing_calf_raise_ex', 'gastrocnemius', 'prime', 'high', 0.9, null, null),
  ('standing_calf_raise_ex', 'soleus', 'synergist', 'moderate', 0.5, null, null),
  ('seated_calf_raise_ex', 'soleus', 'prime', 'high', 0.9, null, null),
  ('seated_calf_raise_ex', 'gastrocnemius', 'synergist', 'moderate', 0.45, null, null),
  ('calf_press', 'gastrocnemius', 'prime', 'high', 0.85, null, null),
  ('calf_press', 'soleus', 'synergist', 'moderate', 0.5, null, null),
  ('hanging_leg_raise', 'rectus_abdominis', 'prime', 'high', 0.85, null, null),
  ('hanging_leg_raise', 'hip_flexors', 'synergist', 'high', 0.6, null, null),
  ('hanging_leg_raise', 'external_obliques', 'synergist', 'moderate', 0.45, null, null),
  ('cable_crunch', 'rectus_abdominis', 'prime', 'high', 0.88, null, null),
  ('cable_crunch', 'external_obliques', 'synergist', 'moderate', 0.45, null, null),
  ('machine_crunch', 'rectus_abdominis', 'prime', 'high', 0.85, null, null),
  ('machine_crunch', 'external_obliques', 'synergist', 'low', 0.35, null, null),
  ('russian_twist', 'external_obliques', 'prime', 'high', 0.82, null, null),
  ('russian_twist', 'internal_obliques', 'prime', 'high', 0.75, null, null),
  ('russian_twist', 'rectus_abdominis', 'synergist', 'moderate', 0.45, null, null),
  ('plank', 'transverse_abdominis', 'prime', 'high', 0.75, null, null),
  ('plank', 'rectus_abdominis', 'prime', 'high', 0.7, null, null),
  ('plank', 'quadratus_lumborum', 'stabilizer', 'moderate', 0.45, null, null),
  ('ab_wheel', 'rectus_abdominis', 'prime', 'maximal', 0.92, null, null),
  ('ab_wheel', 'transverse_abdominis', 'prime', 'high', 0.7, null, null),
  ('ab_wheel', 'lats', 'synergist', 'moderate', 0.4, null, null),
  ('decline_situp', 'rectus_abdominis', 'prime', 'high', 0.82, 20, 35),
  ('decline_situp', 'hip_flexors', 'synergist', 'high', 0.6, null, null),
  ('treadmill_run', 'quads_vastus', 'prime', 'moderate', 0.55, null, null),
  ('treadmill_run', 'hamstrings', 'synergist', 'moderate', 0.5, null, null),
  ('treadmill_run', 'gastrocnemius', 'synergist', 'moderate', 0.5, null, null),
  ('row_erg', 'lats', 'prime', 'moderate', 0.55, null, null),
  ('row_erg', 'quads_vastus', 'prime', 'moderate', 0.55, null, null),
  ('row_erg', 'rhomboids', 'synergist', 'moderate', 0.45, null, null),
  ('assault_bike_ex', 'quads_vastus', 'prime', 'moderate', 0.55, null, null),
  ('assault_bike_ex', 'lats', 'synergist', 'moderate', 0.4, null, null),
  ('stair_climb', 'glute_max', 'prime', 'moderate', 0.55, null, null),
  ('stair_climb', 'quads_vastus', 'synergist', 'moderate', 0.5, null, null)
on conflict (exercise_slug, muscle_id) do nothing;

insert into gym.metabolic_equations (id, label, basis, margin_err, coeffs, note) values
  ('mifflin_st_jeor', 'mifflin st jeor', 'total_mass', '~5%', '{"weight":10,"height":6.25,"age":-5,"const":{"male":5,"female":-161}}'::jsonb, 'Default when body-fat/LBM unknown.'),
  ('harris_benedict', 'harris benedict', 'total_mass', '5-15%', '{"male":{"weight":13.397,"height":4.799,"age":-5.677,"const":88.362},"female":{"weight":9.247,"height":3.098,"age":-4.33,"const":447.593}}'::jsonb, 'Cross-validation only.'),
  ('katch_mcardle', 'katch mcardle', 'lean_body_mass', '<5%', '{"const":370,"lbm":21.6}'::jsonb, 'PRIMARY when InBody LBM present.'),
  ('cunningham', 'cunningham', 'lean_body_mass', '<5%', '{"const":500,"lbm":22}'::jsonb, null)
on conflict (id) do nothing;

insert into gym.diet_modes (id, label, label_ar, protein_pct, fat_pct, carb_pct, protein_g_per_kg_lbm, rules, basis) values
  ('full_healthy', 'Full Healthy', 'صحي كامل', 0.3, 0.3, 0.4, 2.2, '{"whitelist":"whole_food","added_sugar":0,"fiber_g_per_1000kcal":14,"processed_share":0,"exclude_tags":["ultra_processed","added_sugar","fried"]}'::jsonb, 'Whole-food clean baseline; fiber & MUFA/PUFA emphasis (Mediterranean-informed).'),
  ('mid_healthy', 'Mid Healthy (80/20)', 'صحي متوازن', 0.27, 0.3, 0.43, 2, '{"flex_kcal_share":0.2,"baseline":"whole_food","fiber_g_per_1000kcal":14}'::jsonb, 'Sustainable 80/20; Mediterranean ratios with flexibility.'),
  ('iifym', 'Junk Food Allowed (IIFYM)', 'مرن IIFYM', 0.3, 0.25, 0.45, 2, '{"any_food":true,"protein_floor":true,"fiber_floor_g_per_1000kcal":10,"kcal_ceiling":true,"show_tradeoff":true}'::jsonb, 'Flexible dieting — any food passes if protein+fiber floors and kcal ceiling hold.'),
  ('aggressive_recomp', 'Aggressive Recomp', 'إعادة تشكيل قوية', 0.35, 0.25, 0.4, 2.6, '{"weekly_cycle_kcal":[-150,150],"fat_floor_g_per_kg":0.6,"training_day_carb_bias":true}'::jsonb, 'High-protein, adaptive surplus/deficit; TEF-leveraged. Uses InBody LBM for protein floor.'),
  ('therapeutic', 'Therapeutic / Recovery', 'علاجي / تعافي', 0.25, 0.3, 0.45, 1.9, '{"prioritize_tags":["anti_inflammatory","fermented","omega3"],"optional":"low_fodmap","exclude_tags":["fried","alcohol"],"framing":"wellness_only"}'::jsonb, 'Anti-inflammatory / joint / digestion focus. Wellness framing only — no treatment claims.')
on conflict (id) do nothing;

insert into gym.foods (source, name, name_ar, kcal_100g, protein_100g, carbs_100g, fat_100g, fiber_100g, nova_class, tags) values
  ('curated_local', 'Labneh', 'لبنة', 174, 8, 6, 13, 0, 2, array['dairy','fermented']),
  ('curated_local', 'Freekeh (cooked)', 'فريكة', 114, 4.4, 22, 0.8, 4.3, 1, array['whole_food']),
  ('curated_local', 'Chicken shawarma (lean)', 'شاورما دجاج', 187, 24, 3, 8.5, 0.5, 3, array['lean_protein']),
  ('curated_local', 'Ful medames', 'فول مدمس', 110, 7.6, 16, 1.5, 5.4, 1, array['whole_food','legume']),
  ('curated_local', 'Hummus', 'حمص', 166, 8, 14, 9.6, 6, 2, array['legume','mufa']),
  ('curated_local', 'Mansaf (per serving est.)', 'منسف', 210, 12, 18, 10, 1, 3, array['dairy']),
  ('curated_local', 'Maqluba', 'مقلوبة', 168, 7, 22, 6, 2, 3, '{}'),
  ('curated_local', 'Falafel (fried)', 'فلافل', 333, 13, 32, 18, 5, 3, array['legume','fried']),
  ('curated_local', 'Tabbouleh', 'تبولة', 95, 2.5, 12, 4.5, 3, 1, array['whole_food','leafy_green','anti_inflammatory']),
  ('curated_local', 'Olive oil', 'زيت زيتون', 884, 0, 0, 100, 0, 1, array['mufa','anti_inflammatory']),
  ('curated_local', 'Za''atar', 'زعتر', 320, 9, 50, 14, 20, 1, array['whole_food','anti_inflammatory']),
  ('curated_local', 'Grilled kofta (beef)', 'كفتة مشوية', 245, 20, 2, 18, 0, 2, array['lean_protein']),
  ('usda_foundation', 'Chicken breast, cooked', 'صدر دجاج مطبوخ', 165, 31, 0, 3.6, 0, 1, array['lean_protein']),
  ('usda_foundation', 'Sockeye salmon, cooked', 'سلمون', 216, 27, 0, 11, 0, 1, array['lean_protein','omega3','anti_inflammatory']),
  ('usda_foundation', 'Egg, whole', 'بيض', 143, 12.6, 0.7, 9.5, 0, 1, array['lean_protein']),
  ('usda_foundation', 'White rice, cooked', 'أرز أبيض', 130, 2.7, 28, 0.3, 0.4, 1, array['starchy','refined_grain']),
  ('usda_foundation', 'Brown rice, cooked', 'أرز بني', 123, 2.7, 26, 1, 1.8, 1, array['whole_food','starchy']),
  ('usda_foundation', 'Lentils, cooked', 'عدس', 116, 9, 20, 0.4, 7.9, 1, array['whole_food','legume']),
  ('usda_foundation', 'Greek yogurt, plain', 'زبادي يوناني', 59, 10, 3.6, 0.4, 0, 2, array['dairy','fermented','lean_protein']),
  ('usda_foundation', 'Almonds', 'لوز', 579, 21, 22, 50, 12.5, 1, array['nut','mufa','anti_inflammatory']),
  ('usda_foundation', 'Avocado', 'أفوكادو', 160, 2, 9, 15, 7, 1, array['mufa','anti_inflammatory']),
  ('usda_foundation', 'Sweet potato, cooked', 'بطاطا حلوة', 90, 2, 21, 0.2, 3.3, 1, array['whole_food','starchy']),
  ('usda_foundation', 'Broccoli, cooked', 'بروكلي', 35, 2.4, 7, 0.4, 3.3, 1, array['whole_food','leafy_green','anti_inflammatory']),
  ('usda_foundation', 'Oats, dry', 'شوفان', 389, 16.9, 66, 6.9, 10.6, 1, array['whole_food']),
  ('usda_branded', 'Whey protein isolate', 'واي بروتين', 370, 85, 6, 3, 0, 4, array['lean_protein']);

insert into gym.coaching_stages (id, ordinal, label, label_ar, technique, strategy) values
  ('precontemplation', 1, 'Precontemplation', 'ما قبل التفكير', 'MI', 'Motivational Interviewing — open questions, explore ambivalence, no prescriptions yet.'),
  ('contemplation', 2, 'Contemplation', 'التفكير', 'MI', 'Surface pros/cons; build discrepancy between values and current behaviour.'),
  ('preparation', 3, 'Preparation', 'التحضير', 'SFBT', 'Solution-Focused — co-design one small concrete first step this week.'),
  ('action', 4, 'Action', 'الفعل', 'behavioral_activation', 'Specific programming + strong positive reinforcement on adherence.'),
  ('maintenance', 5, 'Maintenance', 'الاستمرار', 'behavioral_activation', 'Relapse-proofing, habit stacking, celebrate streaks; re-entry plan on lapse.')
on conflict (id) do nothing;

insert into gym.config (key, value) values
  ('activity_multipliers', '{"sedentary":1.2,"light":1.375,"moderate":1.55,"very":1.725,"extreme":1.9}'::jsonb),
  ('goal_deltas', '{"fat_loss":{"kcal_per_day":[-500,-250],"max_rate_kg_wk":1,"floor":"never below BMR"},"recomp":{"kcal_per_day":[0,0]},"muscle_gain":{"surplus_pct":[0.1,0.15],"kcal_per_lb_bw":[10,12]},"energy_per_kg_fat":7700,"energy_per_lb_fat":3500}'::jsonb),
  ('atwater_factors', '{"protein":4,"carbs":4,"fat":9}'::jsonb),
  ('coach_model', '{"family":"claude-5","router":{"default":"claude-fable-5","escalate_on":["safety_trigger","plan_change","medical_question"],"escalate_to":"claude-opus-4-8"},"why_fable_5":"Fast, high-quality conversational + on-device-friendly perception tier for the always-on daily coach; escalate the hard safety/planning turns to a deeper reasoning model.","fine_tuning":{"method":"QLoRA","rank":16,"alpha":32,"nf4":true,"double_quant":true,"paged_optimizer":true,"learning_rate":0.00001,"top_p":0.9,"temperature":0.8},"alignment":{"sft_examples":"200-300 high-quality min","dpo":"chosen=concise/empathetic/TTS-ready, rejected=verbose/robotic/bulleted","safe_lora":true},"persona":"personal trainer + registered dietitian; TTM-guided; never diagnoses or prescribes for acute injury/disease"}'::jsonb),
  ('voice_pipeline', '{"latency_budget_ms":300,"transport":["websocket","webrtc"],"stt":{"models":["Deepgram Nova-3 Arabic (17 variants)","Speechmatics AR-EN bilingual (6.3% WER medical)"],"features":["semantic_vad","keyterm_prompting","incremental_partials"]},"tts":{"models":["SILMA (MSA + Najdi)","AnySpeech","VOBOX"],"dialects":["jordanian","levantine","egyptian"],"text_chunker":{"p5":"sentence-ending punctuation","p4_2":"semantic break words","p1":"word-count fallback"},"arabic":["infer tashkeel from context","sun/moon-letter assimilation","hamza + numeral handling"]},"code_switching":{"metric":"Code Mixing Index (CMI)","datasets":["Mixat (Emirati-EN)","lahgtna-levantine-tts","DEAST (AR-EN scientific)"],"normalize":["unify Alef أإآ→ا","ى→ي","ة→ه"]}}'::jsonb),
  ('vision_pipeline', '{"architecture":"YOLO26n","nms_free":true,"dfl_removed":true,"params_m":2.5,"optimizer":"MuSGD","losses":["ProgLoss","STAL"],"export":{"ios":"CoreML .mlpackage (nms=false → clean on Apple Neural Engine)","android":["TFLite/LiteRT","MNN (~400KB)","NCNN"]},"latency":{"iphone17pro_single_ms":3.8,"iphone17pro_live_ms":11.3,"target_fps":30,"cpu_vs_yolo11":"+43% faster"},"quantization":{"strategy":"QAT for INT8","reason":"PTQ INT8 can drop >25% acc on FGVC detail; QAT recovers near-FP32","fp16":"minimal loss"},"annotation":{"platform":"CVAT","auto_label":["Grounding DINO","SAM","CLIP zero-shot filter"],"video":["FFmpeg/OpenCV frame extract","DeepSORT/ByteTrack"],"active_learning":"route split-confidence frames to humans; auto-label the confident ones"},"public_seed_datasets":["Roboflow gym-equipment (6620)","all-gym-equipment (4717)","gym-equipment-ycu8l (698)"]}'::jsonb),
  ('biomech_pipeline', '{"engine":"OpenSim","models":["Gait2392","Rajagopal"],"pipeline":["scale","inverse_kinematics","inverse_dynamics","static_optimization / Moco direct-collocation"],"input":"3D pose keypoints + external resistance vector (angle + load)","output":"per-muscle force + joint torque (redundancy solved by minimizing sum of squared activations)","realtime":"pose→vector on-device (MediaPipe); OpenSim refinement offline for dataset generation"}'::jsonb),
  ('progression', '{"one_rep_max":{"epley":"w*(1 + reps/30)","brzycki":"w*36/(37-reps)"},"double_progression":"hit top of rep range on all sets → add load; else add reps","rir_autoregulation":{"target_rir":2,"if_rir_ge_4":"increase load ~5%","if_rir_le_0":"decrease load ~5-10%"},"deload":{"every_weeks":[4,6],"volume_pct":0.5,"intensity_pct":0.9},"load_increment_pct":{"upper_isolation":0.025,"upper_compound":0.05,"lower_compound":0.05}}'::jsonb),
  ('safety_guardrails', '{"pain_redflags":["sharp joint pain","sharp pain","chest pain","numbness","numb","joint locking","can''t breathe","dizzy"],"on_redflag":"stop-now message + refer to professional; conservative auto-adjust","eating_disorder_signals":["purge","make myself sick","throw up after","starve","stop eating","laxative","hate my body"],"on_ed_signal":"supportive redirect; NEVER prescribe a stricter plan","therapeutic_mode":"wellness framing only — no treatment claims","logging":"event kind + severity only, never message content"}'::jsonb),
  ('food_databases', '{"usda_fdc":{"endpoints":["/foods/search","/food/{fdcId}","/foods","/foods/list"],"rate_limit_per_hour":1000,"cache":"required","watch_headers":["X-RateLimit-Remaining"]},"regional":["EMFID","Jordanian Food Composition Table","myfood24 Arabic (~2100 products)"],"switch_rule":"geolocation / cultural preference selects USDA vs regional"}'::jsonb)
on conflict (key) do update set value = excluded.value, updated_at = now();

